{"ratio": [], "shift": [], "colors": [["annotation_color", "#b2182b"], ["annotation_text_color", "#ffffff"], ["association_attribute_text_color", "#000000"], ["association_cartouche_color", "#f4a582"], ["association_cartouche_text_color", "#000000"], ["association_color", "#fddbc7"], ["association_stroke_color", "#d6604d"], ["background_color", "#ffffff"], ["card_text_color", "#4d4d4d"], ["entity_attribute_text_color", "#000000"], ["entity_cartouche_color", "#bababa"], ["entity_cartouche_text_color", "#000000"], ["entity_color", "#e0e0e0"], ["entity_stroke_color", "#878787"], ["leg_stroke_color", "#d6604d"], ["transparent_color", "none"]], "cy": [["livre", 60], ["auteur de", 60], ["auteur", 60]], "cx": [["livre", 68], ["auteur de", 194], ["auteur", 322]], "size": [392, 120]}